test_round,subj,qid,response,rt
1,145,1,7,21.641648054122925
1,145,2,5,5.489843845367432
1,145,3,5,11.158886194229126
1,145,4,4,8.998600006103516
1,145,5,6,6.4464380741119385
1,145,6,5,15.661820888519287
1,145,7,2,3.4087600708007812
1,145,8,4,8.867125034332275
1,145,9,3,7.752086162567139
1,145,10,6,4.618677139282227
1,145,11,2,3.1480259895324707
1,145,12,3,9.224685907363892
1,145,13,5,4.391664028167725
1,145,14,6,7.026683807373047
1,145,15,4,5.8906569480896
1,145,16,6,4.736690998077393
1,145,17,2,3.2775471210479736
1,145,18,5,5.829640865325928
1,145,19,4,8.549623012542725
1,145,20,4,6.559743881225586
1,145,21,5,10.66640305519104
1,145,22,3,8.44653582572937
1,145,23,5,3.7415430545806885
1,145,24,6,3.5066301822662354
1,145,25,4,3.1216330528259277
1,145,26,6,4.855566024780273
1,206,0,5,13.567114892613404
1,206,1,5,22.98132934910268
1,206,2,1,8.082718399605255
1,206,3,4,11.875721482419294
1,206,4,6,8.388747030832747
1,206,5,3,9.219270457581388
1,206,6,4,5.904369466023127
1,206,7,6,5.585408220733825
1,206,8,5,12.799102617211247
1,206,9,7,5.604827931815066
1,206,10,2,8.961968594705354
1,206,11,2,14.056904681005562
1,206,12,4,79.2668230570282
1,206,13,7,8.372788697693409
1,206,14,1,2.451935253149145
1,206,15,6,5.255164838233782
1,206,16,3,6.762446454143287
1,206,17,4,7.282096872037641
1,206,18,7,7.171988438284075
1,206,19,7,3.938497628544951
1,206,20,7,2.9382438045058734
1,206,21,5,6.346285496190376
1,206,22,7,2.4746351279437704
1,206,23,7,1.925236098246728
1,206,24,7,3.0138228599887498
1,206,25,7,1.6671439055079418
1,227,0,6,11.710419754090253
1,227,1,5,6.583653247042093
1,227,2,5,3.141671196965035
1,227,3,4,8.428657380165532
1,227,4,4,3.4011987920384854
1,227,5,5,5.174380279670004
1,227,6,3,4.597596954670735
1,227,7,4,2.6995004877680913
1,227,8,6,4.860689524211921
1,227,9,3,4.967881097574718
1,227,10,5,3.10325827926863
1,227,11,3,4.400322520174086
1,227,12,2,7.421448306122329
1,227,13,6,2.8986857162672095
1,227,14,6,3.108596587262582
1,227,15,6,3.3426297589903697
1,227,16,4,3.422386637015734
1,227,17,2,5.131046400230844
1,227,18,4,6.36339901649626
1,227,19,7,9.410459844162688
1,227,20,6,5.191636381903663
1,227,21,5,2.573562156932894
1,227,22,5,6.7240162420785055
1,227,23,6,3.325263812439516
1,227,24,6,1.9418607249390334
1,227,25,4,2.2298116139136255
1,227,26,5,1.962402226170525
1,243,0,3,14.839401960372925
1,243,1,4,12.632213115692139
1,243,2,5,8.341315984725952
1,243,3,5,14.127125024795532
1,243,4,4,7.822980880737305
1,243,5,4,15.094208002090454
1,243,6,3,10.183557987213135
1,243,7,4,23.998967170715332
1,243,8,4,28.14183807373047
1,243,9,5,9.750689029693604
1,243,10,4,6.679748058319092
1,243,11,2,9.518020153045654
1,243,12,6,10.936604022979736
1,243,13,5,4.002289056777954
1,243,14,6,4.740456819534302
1,243,15,1,4.625301122665405
1,243,16,5,5.882591009140015
1,243,17,2,7.056693077087402
1,243,18,4,11.391189098358154
1,243,19,5,14.534198999404907
1,243,20,7,9.005611896514893
1,243,21,4,7.7333900928497314
1,243,22,5,3.320775032043457
1,243,23,7,3.8225820064544678
1,243,24,6,6.872418165206909
1,243,25,5,5.894991159439087
1,243,26,7,2.980678081512451
1,284,0,4,17.23928713798523
1,284,1,7,15.080459833145142
1,284,2,5,5.6028430461883545
1,284,3,5,9.043211936950684
1,284,4,5,5.82491397857666
1,284,5,6,11.057523965835571
1,284,6,4,4.862149000167847
1,284,7,5,7.014225006103516
1,284,8,5,6.942131996154785
1,284,9,4,11.041994094848633
1,284,10,5,8.350913047790527
1,284,11,5,9.801417112350464
1,284,12,5,4.664450168609619
1,284,13,6,5.6797239780426025
1,284,14,6,3.949873924255371
1,284,15,3,6.354150772094727
1,284,16,6,5.621401071548462
1,284,17,2,7.590188026428223
1,284,18,3,5.575392007827759
1,284,19,6,17.08931612968445
1,284,20,5,4.449554920196533
1,284,21,5,4.329801797866821
1,284,22,5,4.294706106185913
1,284,23,5,3.173521041870117
1,284,24,6,4.545605897903442
1,284,25,5,3.4138309955596924
1,284,26,6,3.3762850761413574
1,440,0,6,4.8048858642578125
1,440,1,6,2.2359681129455566
1,440,2,2,2.606016159057617
1,440,3,5,3.304837942123413
1,440,4,2,3.3266260623931885
1,440,5,5,2.6690709590911865
1,440,6,6,2.669625997543335
1,440,7,3,3.0781188011169434
1,440,8,4,3.388745069503784
1,440,9,6,6.22407603263855
1,440,10,5,2.2646498680114746
1,440,11,2,2.3452720642089844
1,440,12,2,3.190728187561035
1,440,13,6,3.0822739601135254
1,440,14,6,1.6097769737243652
1,440,15,1,1.8458690643310547
1,440,16,6,2.1512279510498047
1,440,17,2,4.180553913116455
1,440,18,5,2.5356521606445312
1,440,19,5,1.4618611335754395
1,440,20,5,2.6870059967041016
1,440,21,5,2.734403133392334
1,440,22,5,2.468446969985962
1,440,23,6,3.140859842300415
1,440,24,7,2.082524061203003
1,440,25,6,2.1626291275024414
1,440,26,7,1.7115199565887451
1,470,0,2,12.52161192893982
1,470,1,3,11.553974866867065
1,470,2,3,8.490352869033813
1,470,3,6,8.710297107696533
1,470,4,4,17.02456307411194
1,470,5,6,10.661072015762329
1,470,6,3,10.890687942504883
1,470,7,5,7.070142984390259
1,470,8,2,5.514224052429199
1,470,9,5,9.63115906715393
1,470,10,2,5.733933925628662
1,470,11,2,3.482313871383667
1,470,12,6,10.361160039901733
1,470,13,6,8.090199947357178
1,470,14,2,5.5590980052948
1,470,15,7,6.250652074813843
1,470,16,2,6.993811130523682
1,470,17,4,7.387747049331665
1,470,18,5,14.660408973693848
1,470,19,6,5.303256988525391
1,470,20,3,7.932898998260498
1,470,21,5,6.5677490234375
1,470,22,6,9.633972883224487
1,470,23,5,5.656343936920166
1,470,24,5,6.103631019592285
1,470,25,6,5.2529520988464355
1,605,0,5,20.752087831497192
1,605,1,6,9.913432121276855
1,605,2,1,5.404299974441528
1,605,3,7,6.8530449867248535
1,605,4,4,16.554611921310425
1,605,5,6,10.376095056533813
1,605,6,7,11.35237193107605
1,605,7,1,3.9287829399108887
1,605,8,6,20.852759838104248
1,605,9,3,5.09143590927124
1,605,10,6,4.1775758266448975
1,605,11,2,7.5964930057525635
1,605,12,3,12.212104082107544
1,605,13,6,3.3706958293914795
1,605,14,7,3.286712884902954
1,605,15,2,6.029098987579346
1,605,16,7,3.717197895050049
1,605,17,2,12.330448150634766
1,605,18,4,7.315540075302124
1,605,19,2,9.430855989456177
1,605,20,7,22.364579916000366
1,605,21,6,3.9516639709472656
1,605,22,7,4.2264509201049805
1,605,23,7,1.9467809200286865
1,605,24,7,2.1596548557281494
1,605,25,6,3.852484941482544
1,605,26,7,2.0448920726776123
1,881,0,4,3.005784034729004
1,881,1,5,5.926242828369141
1,881,2,4,3.387075185775757
1,881,3,6,4.781736135482788
1,881,4,6,4.695657014846802
1,881,5,4,5.182430982589722
1,881,6,3,2.9851880073547363
1,881,7,4,2.981451988220215
1,881,8,2,6.30477499961853
1,881,9,4,19.245426177978516
1,881,10,4,3.150637149810791
1,881,11,4,2.4999098777770996
1,881,12,3,3.6669979095458984
1,881,13,3,3.1467669010162354
1,881,14,3,2.871772050857544
1,881,15,3,3.2321460247039795
1,881,16,2,3.4494740962982178
1,881,17,4,4.170839071273804
1,881,18,2,2.438060998916626
1,881,19,3,3.1275970935821533
1,881,20,4,4.549390077590942
1,881,21,3,2.4975600242614746
1,881,22,3,2.6889688968658447
1,881,23,4,2.3847908973693848
1,881,24,6,3.068603992462158
1,881,25,5,3.3332319259643555
1,881,26,6,2.954632043838501
1,1123,0,5,6.933094024658203
1,1123,1,6,7.334396123886108
1,1123,2,4,5.681258916854858
1,1123,3,5,7.0228259563446045
1,1123,4,4,7.262282133102417
1,1123,5,5,6.525182008743286
1,1123,6,5,5.201494932174683
1,1123,7,3,8.027635097503662
1,1123,8,4,11.050761938095093
1,1123,9,5,8.662952899932861
1,1123,10,5,5.341195106506348
1,1123,11,3,5.161371946334839
1,1123,12,3,6.301293849945068
1,1123,13,5,4.842355012893677
1,1123,14,7,3.355334997177124
1,1123,15,3,6.487636089324951
1,1123,16,5,6.157522916793823
1,1123,17,3,3.7448770999908447
1,1123,18,5,5.597958087921143
1,1123,19,2,7.166799068450928
1,1123,20,3,9.248917818069458
1,1123,21,3,5.9664390087127686
1,1123,22,3,2.04917311668396
1,1123,23,6,3.762751817703247
1,1123,24,6,3.0388078689575195
1,1123,25,6,1.496185064315796
1,1123,26,6,1.7199609279632568
1,1125,0,4,10.624688148498535
1,1125,1,4,11.004117965698242
1,1125,2,4,7.650856971740723
1,1125,3,5,10.720434188842773
1,1125,4,4,6.314104080200195
1,1125,5,4,6.926980018615723
1,1125,6,3,7.29060697555542
1,1125,7,2,7.1447508335113525
1,1125,8,6,6.004091024398804
1,1125,9,2,14.629541873931885
1,1125,10,5,9.241138935089111
1,1125,11,2,4.5675129890441895
1,1125,12,2,7.290942907333374
1,1125,13,6,7.656037092208862
1,1125,14,7,14.885137796401978
1,1125,15,3,5.583846092224121
1,1125,16,5,8.833834886550903
1,1125,17,3,9.768379926681519
1,1125,18,4,7.800963878631592
1,1125,19,6,11.393183946609497
1,1125,20,7,11.752088069915771
1,1125,21,4,8.456411123275757
1,1125,22,4,5.374522924423218
1,1125,23,6,4.441760063171387
1,1125,24,6,7.482238054275513
1,1125,25,6,6.679548978805542
1,1125,26,5,5.0461649894714355
1,1401,0,7,16.828076124191284
1,1401,1,4,7.004472970962524
1,1401,2,3,6.269352912902832
1,1401,3,6,21.578834056854248
1,1401,4,2,14.643693208694458
1,1401,5,6,12.639970064163208
1,1401,6,7,5.076249122619629
1,1401,7,3,7.708100080490112
1,1401,8,5,13.871721982955933
1,1401,9,2,19.705761194229126
1,1401,10,6,5.560225963592529
1,1401,11,2,8.867398977279663
1,1401,12,2,13.632389068603516
1,1401,13,6,4.181087970733643
1,1401,14,6,5.456013202667236
1,1401,15,2,11.111517906188965
1,1401,16,6,10.43402099609375
1,1401,17,2,6.959650039672852
1,1401,18,3,8.866427898406982
1,1401,19,2,11.990762948989868
1,1401,20,7,11.773650169372559
1,1401,21,5,8.612945079803467
1,1401,22,4,15.372616052627563
1,1401,23,4,10.858186960220337
1,1401,24,7,5.639225006103516
1,1401,25,7,5.639537811279297
1,1401,26,5,5.911536931991577
1,1714,0,1,0.7928380966186523
1,1714,1,2,0.6286649703979492
1,1714,2,4,0.7205109596252441
1,1714,3,5,0.3576369285583496
1,1714,4,6,0.25832104682922363
1,1714,5,7,0.3007349967956543
1,1714,6,6,0.5415029525756836
1,1714,7,5,0.23563909530639648
1,1714,8,4,0.22301697731018066
1,1714,9,3,0.20255684852600098
1,1714,10,2,0.19931387901306152
1,1714,11,1,0.3638420104980469
1,1714,12,2,0.3613619804382324
1,1714,13,3,0.19139909744262695
1,1714,14,4,0.22039389610290527
1,1714,15,5,0.24842119216918945
1,1714,16,6,0.24256300926208496
1,1714,17,7,0.261854887008667
1,1714,18,6,0.27985692024230957
1,1714,19,5,0.20882320404052734
1,1714,20,4,0.24556493759155273
1,1714,21,3,0.1757972240447998
1,1714,22,2,0.19788503646850586
1,1714,23,3,0.8502109050750732
1,1714,24,4,0.18847298622131348
1,1714,25,5,0.19342803955078125
1,1821,0,6,19.178635835647583
1,1821,1,7,6.2439799308776855
1,1821,2,3,9.275872945785522
1,1821,3,4,6.520163059234619
1,1821,4,2,6.052288055419922
1,1821,5,4,5.939144849777222
1,1821,6,4,4.263489007949829
1,1821,7,4,2.775099992752075
1,1821,8,2,8.835276126861572
1,1821,9,5,66.17454290390015
1,1821,10,5,46.78634691238403
1,1821,11,4,4.600222826004028
1,1821,12,3,7.810281991958618
1,1821,13,5,6.418627977371216
1,1821,14,4,37.80162596702576
1,1821,15,3,6.2274651527404785
1,1821,16,6,6.900084018707275
1,1821,17,2,7.304873943328857
1,1821,18,5,6.885339021682739
1,1821,19,7,6.115017890930176
1,1821,20,5,7.111616849899292
1,1821,21,4,4.82841420173645
1,1821,22,4,3.6376841068267822
1,1821,23,4,7.671057939529419
1,1821,24,5,6.588564157485962
1,1821,25,4,5.022228002548218
1,1821,26,5,3.863862991333008
1,2081,0,5,7.777933120727539
1,2081,1,7,7.395008087158203
1,2081,2,3,6.8922059535980225
1,2081,3,6,7.152956008911133
1,2081,4,4,5.827034950256348
1,2081,5,4,8.82795000076294
1,2081,6,6,5.003385066986084
1,2081,7,4,4.116883993148804
1,2081,8,5,5.658569097518921
1,2081,9,5,7.62587308883667
1,2081,10,7,4.425800085067749
1,2081,11,1,4.65872597694397
1,2081,12,1,7.931413888931274
1,2081,13,7,3.4143311977386475
1,2081,14,7,2.872546911239624
1,2081,15,4,3.096820831298828
1,2081,16,6,8.127563953399658
1,2081,17,4,4.30722713470459
1,2081,18,5,3.2576329708099365
1,2081,19,6,6.194334983825684
1,2081,20,6,3.5481998920440674
1,2081,21,6,3.272953987121582
1,2081,22,6,2.145050048828125
1,2081,23,6,1.4863770008087158
1,2081,24,7,2.2712440490722656
1,2081,25,4,3.0078930854797363
1,2081,26,4,2.186671018600464
1,3119,0,4,4.803246021270752
1,3119,1,3,4.856839895248413
1,3119,2,5,5.8610429763793945
1,3119,3,3,5.155861139297485
1,3119,4,4,4.7407050132751465
1,3119,5,5,4.0369908809661865
1,3119,6,5,3.9191861152648926
1,3119,7,3,2.4616200923919678
1,3119,8,3,6.494338035583496
1,3119,9,5,3.5506820678710938
1,3119,10,5,3.554105043411255
1,3119,11,3,3.1815640926361084
1,3119,12,4,7.247239828109741
1,3119,13,5,8.868658065795898
1,3119,14,3,8.694655895233154
1,3119,15,5,3.4944190979003906
1,3119,16,3,3.3083860874176025
1,3119,17,5,1.6405508518218994
1,3119,18,6,4.081956148147583
1,3119,19,6,3.65803599357605
1,3119,20,6,4.178210973739624
1,3119,21,2,2.1431500911712646
1,3119,22,4,2.3578989505767822
1,3119,23,6,3.8371410369873047
1,3119,24,6,1.5019848346710205
1,3119,25,5,4.117124080657959
1,3119,26,5,3.9076080322265625
1,3120,0,5,5.290872007077837
1,3120,1,6,10.74732298176059
1,3120,2,4,4.9138734592097535
1,3120,3,5,7.560313402916222
1,3120,4,6,9.950122628620079
1,3120,5,4,8.492569956174748
1,3120,6,5,4.557729709349587
1,3120,7,3,4.300964137194683
1,3120,8,2,5.997493765911827
1,3120,9,6,4.162043828999344
1,3120,10,6,4.233284151230805
1,3120,11,3,4.740593339604743
1,3120,12,6,9.963643040592501
1,3120,13,5,7.553542697904277
1,3120,14,5,5.83993278757066
1,3120,15,4,6.675135880723587
1,3120,16,5,5.820972947043856
1,3120,17,3,6.632766479270799
1,3120,18,5,4.2368141569795625
1,3120,19,5,3.7272339126928955
1,3120,20,5,3.3353015506827433
1,3120,21,6,2.822407347264857
1,3120,22,6,3.2503625663539424
1,3120,23,6,6.476969337245464
1,3120,24,6,2.9507665688623774
1,3120,25,6,2.9893511882097528
1,3120,26,4,4.138752323784274
1,3161,0,6,5.830773115158081
1,3161,1,6,12.332775831222534
1,3161,2,1,3.341686964035034
1,3161,3,6,5.066354036331177
1,3161,4,3,5.176850080490112
1,3161,5,6,4.491955995559692
1,3161,6,2,3.378875970840454
1,3161,7,2,1.646298885345459
1,3161,8,2,3.759922981262207
1,3161,9,2,1.9486548900604248
1,3161,10,7,4.418168067932129
1,3161,11,2,2.932065963745117
1,3161,12,2,6.257034063339233
1,3161,13,6,3.224376916885376
1,3161,14,6,2.3705060482025146
1,3161,15,1,3.183133840560913
1,3161,16,2,3.2747280597686768
1,3161,17,6,5.690769910812378
1,3161,18,3,3.0255651473999023
1,3161,19,6,4.715394973754883
1,3161,20,3,3.0648279190063477
1,3161,21,3,1.6493852138519287
1,3161,22,3,1.2831110954284668
1,3161,23,3,0.8193740844726562
1,3161,24,3,0.6148538589477539
1,3161,25,3,1.24251389503479
1,3161,26,3,1.557201862335205
1,3363,0,4,5.568434000015259
1,3363,1,6,5.49013090133667
1,3363,2,3,4.39867901802063
1,3363,3,4,7.416054964065552
1,3363,4,3,3.2954790592193604
1,3363,5,6,6.550127029418945
1,3363,6,3,4.177228927612305
1,3363,7,3,2.701277017593384
1,3363,8,2,4.77990198135376
1,3363,9,4,3.902679920196533
1,3363,10,4,3.3655929565429688
1,3363,11,1,3.3295798301696777
1,3363,12,4,2.582770824432373
1,3363,13,4,4.306605100631714
1,3363,14,6,4.473204851150513
1,3363,15,2,2.0006608963012695
1,3363,16,3,3.803877830505371
1,3363,17,3,3.2628650665283203
1,3363,18,3,2.0309319496154785
1,3363,19,1,4.112437009811401
1,3363,20,3,3.2937090396881104
1,3363,21,2,2.605275869369507
1,3363,22,2,1.7207050323486328
1,3363,23,3,1.8155608177185059
1,3363,24,3,5.250349998474121
1,3363,25,3,2.6264469623565674
1,3363,26,3,1.4846749305725098
1,3668,0,3,8.455893993377686
1,3668,1,2,16.13277316093445
1,3668,2,7,3.450870990753174
1,3668,3,7,5.938533067703247
1,3668,4,5,4.805944919586182
1,3668,5,6,4.967833995819092
1,3668,6,1,4.5072221755981445
1,3668,7,7,2.2813849449157715
1,3668,8,5,3.960742950439453
1,3668,9,7,6.508951902389526
1,3668,10,6,6.938011884689331
1,3668,11,2,2.5576648712158203
1,3668,12,3,4.258836030960083
1,3668,13,7,3.059135913848877
1,3668,14,7,2.8443219661712646
1,3668,15,2,3.9658050537109375
1,3668,16,5,3.465641975402832
1,3668,17,6,3.281635046005249
1,3668,18,3,3.7371129989624023
1,3668,19,6,5.614389896392822
1,3668,20,5,4.239206075668335
1,3668,21,6,3.960582971572876
1,3668,22,6,4.428740978240967
1,3668,23,1,2.5902509689331055
1,3668,24,7,2.066070795059204
1,3668,25,2,3.234900951385498
1,3668,26,4,1.9262430667877197
1,3792,0,5,4.383289813995361
1,3792,1,6,9.763723134994507
1,3792,2,6,59.03587198257446
1,3792,3,3,15.47420597076416
1,3792,4,6,5.202548980712891
1,3792,5,7,16.60213303565979
1,3792,6,3,57.872941970825195
1,3792,7,5,1.8272719383239746
1,3792,8,1,3.1894378662109375
1,3792,9,5,3.9582359790802
1,3792,10,7,4.0112950801849365
1,3792,11,3,18.838072061538696
1,3792,12,2,3.245250940322876
1,3792,13,5,2.044198989868164
1,3792,14,7,2.9190139770507812
1,3792,15,7,2.721297025680542
1,3792,16,7,40.6659939289093
1,3792,17,5,2.1983590126037598
1,3792,18,6,7.155019998550415
1,3792,19,6,3.82728910446167
1,3792,20,7,22.4526309967041
1,3792,21,5,2.560333013534546
1,3792,22,7,2.103943109512329
1,3792,23,6,7.680475950241089
1,3792,24,7,10.573972940444946
1,3792,25,7,0.714108943939209
1,3792,26,7,0.5886609554290771
1,3804,0,6,5.940034866333008
1,3804,1,6,10.965342044830322
1,3804,2,2,5.238522052764893
1,3804,3,7,5.741878032684326
1,3804,4,4,6.5696799755096436
1,3804,5,6,5.323645114898682
1,3804,6,7,7.840739011764526
1,3804,7,2,4.783864974975586
1,3804,8,3,5.018506050109863
1,3804,9,2,14.96330714225769
1,3804,10,6,5.130496025085449
1,3804,11,1,6.3264100551605225
1,3804,12,7,12.778630018234253
1,3804,13,6,3.234022855758667
1,3804,14,7,4.003576040267944
1,3804,15,2,5.045900106430054
1,3804,16,6,5.493699789047241
1,3804,17,6,6.251840114593506
1,3804,18,7,6.427174091339111
1,3804,19,1,7.987490892410278
1,3804,20,7,4.2683188915252686
1,3804,21,3,7.379942178726196
1,3804,22,6,5.669861078262329
1,3804,23,6,2.941425085067749
1,3804,24,7,3.3068690299987793
1,3804,25,7,2.865453004837036
1,3804,26,5,4.37766695022583
1,4313,0,4,30.155986785888672
1,4313,1,1,10.657015085220337
1,4313,2,4,10.5416898727417
1,4313,3,2,8.518757104873657
1,4313,4,4,15.28909707069397
1,4313,5,3,5.394296884536743
1,4313,6,5,19.156102180480957
1,4313,7,4,9.10469102859497
1,4313,8,6,11.787917137145996
1,4313,9,2,7.483103036880493
1,4313,10,5,5.184293985366821
1,4313,11,2,9.226572036743164
1,4313,12,3,19.689034938812256
1,4313,13,4,7.448079824447632
1,4313,14,4,10.558354139328003
1,4313,15,1,3.695507049560547
1,4313,16,4,6.261931896209717
1,4313,17,3,15.020846128463745
1,4313,18,2,6.336792945861816
1,4313,19,4,11.476525068283081
1,4313,20,5,6.848373174667358
1,4313,21,4,5.1112220287323
1,4313,22,4,2.8051209449768066
1,4313,23,6,2.576338052749634
1,4313,24,6,3.0367631912231445
1,4313,25,6,5.694311857223511
1,4313,26,7,2.5004260540008545
1,5314,0,2,11.402955844776443
1,5314,1,5,8.630755978789239
1,5314,2,2,7.345882273890311
1,5314,3,6,8.855658408754607
1,5314,4,5,7.825454160281879
1,5314,5,4,7.101284322161064
1,5314,6,5,3.8938507080474665
1,5314,7,5,6.687670899212208
1,5314,8,5,4.248893646328725
1,5314,9,3,7.715397400745587
1,5314,10,4,4.428077678999671
1,5314,11,3,4.623851883927728
1,5314,12,2,9.499777422732677
1,5314,13,5,4.380157773219253
1,5314,14,4,6.169449426898609
1,5314,15,3,9.551265564077312
1,5314,16,4,5.701647071779462
1,5314,17,6,6.47012845088102
1,5314,18,3,4.368818931292935
1,5314,19,5,9.645805375077998
1,5314,20,4,6.2409755883600155
1,5314,21,4,5.100171435823995
1,5314,22,4,7.228857492687894
1,5314,23,6,3.9685447459632996
1,5314,24,5,5.6864203602672205
1,5314,25,5,3.079679862029934
1,5314,26,5,3.664933488126735
1,5810,0,3,13.52614759345306
1,5810,1,5,8.93462248321157
1,5810,2,2,7.646394811337814
1,5810,3,4,11.313263790099882
1,5810,4,4,7.250479094800539
1,5810,5,3,9.14144157897681
1,5810,6,6,6.901201584725641
1,5810,7,2,4.3670719734509476
1,5810,8,5,7.429528066772036
1,5810,9,4,9.25791033974383
1,5810,10,6,5.109740643354598
1,5810,11,2,5.638899335463066
1,5810,12,6,7.06669254519511
1,5810,13,6,9.141220959543716
1,5810,14,5,5.037593739980366
1,5810,15,2,5.649418942339253
1,5810,16,4,12.556393557752017
1,5810,17,5,7.291489798750263
1,5810,18,3,7.573931717837695
1,5810,19,2,6.828400580387097
1,5810,20,6,6.584853156236932
1,5810,21,5,7.070642905542627
1,5810,22,5,3.9371765179093927
1,5810,23,5,8.889068135758862
1,5810,24,5,7.178707958199084
1,5810,25,6,3.6892399768694304
1,5810,26,5,6.483068155590445
1,5904,0,7,5.073061943054199
1,5904,1,7,5.887850999832153
1,5904,2,2,4.067761182785034
1,5904,3,6,4.1467249393463135
1,5904,4,2,4.246492147445679
1,5904,5,6,2.951154947280884
1,5904,6,6,4.107775926589966
1,5904,7,4,4.194082975387573
1,5904,8,5,7.3569910526275635
1,5904,9,3,4.377603054046631
1,5904,10,3,4.421778917312622
1,5904,11,3,5.471590042114258
1,5904,12,3,3.4624199867248535
1,5904,13,6,5.581200122833252
1,5904,14,7,2.77728009223938
1,5904,15,4,3.468003034591675
1,5904,16,6,3.965718984603882
1,5904,17,2,2.9916749000549316
1,5904,18,5,2.899609088897705
1,5904,19,3,4.52161979675293
1,5904,20,6,2.9671409130096436
1,5904,21,6,2.8194100856781006
1,5904,22,6,5.110044956207275
1,5904,23,5,4.067790985107422
1,5904,24,6,2.0674431324005127
1,5904,25,6,2.172271966934204
1,5904,26,6,4.377317190170288
1,6615,0,6,4.120748043060303
1,6615,1,6,6.516352891921997
1,6615,2,1,4.232823133468628
1,6615,3,6,6.777132034301758
1,6615,4,2,4.882346868515015
1,6615,5,6,6.344556093215942
1,6615,6,7,4.067837953567505
1,6615,7,2,3.6672940254211426
1,6615,8,7,4.402390003204346
1,6615,9,1,4.788858890533447
1,6615,10,7,3.0230109691619873
1,6615,11,1,2.5200002193450928
1,6615,12,6,9.486296892166138
1,6615,13,6,2.4502570629119873
1,6615,14,5,7.0744969844818115
1,6615,15,4,3.384145975112915
1,6615,16,6,4.361894845962524
1,6615,17,2,4.19643497467041
1,6615,18,6,3.471067190170288
1,6615,19,3,5.3101301193237305
1,6615,20,7,3.2758100032806396
1,6615,21,7,3.0196430683135986
1,6615,22,6,2.3888189792633057
1,6615,23,6,2.6567001342773438
1,6615,24,7,2.488525867462158
1,6615,25,7,2.5285181999206543
1,6615,26,7,2.1496779918670654
1,6654,0,3,7.617914915084839
1,6654,1,6,19.79259705543518
1,6654,2,2,8.305772066116333
1,6654,3,6,7.308694124221802
1,6654,4,4,19.40050506591797
1,6654,5,5,9.099101066589355
1,6654,6,2,5.01494288444519
1,6654,7,4,4.168172836303711
1,6654,8,5,5.467604160308838
1,6654,9,3,9.866100072860718
1,6654,10,6,4.206019878387451
1,6654,11,2,5.305036783218384
1,6654,12,5,4.53466796875
1,6654,13,4,8.691423892974854
1,6654,14,5,5.440081834793091
1,6654,15,5,5.808250904083252
1,6654,16,4,6.801694869995117
1,6654,17,4,4.674917936325073
1,6654,18,3,5.537976026535034
1,6654,19,4,11.430057048797607
1,6654,20,7,5.3960959911346436
1,6654,21,6,5.333674907684326
1,6654,22,5,7.1938769817352295
1,6654,23,6,4.251291036605835
1,6654,24,7,4.563707113265991
1,6654,25,4,3.5909531116485596
1,6654,26,6,5.698224067687988
1,7815,0,6,15.312197923660278
1,7815,1,7,15.84614086151123
1,7815,2,2,8.056455135345459
1,7815,3,6,25.029601097106934
1,7815,4,2,8.555454015731812
1,7815,5,7,9.221451044082642
1,7815,6,6,14.260211944580078
1,7815,7,3,7.687288999557495
1,7815,8,5,12.596109867095947
1,7815,9,3,26.434190034866333
1,7815,10,5,15.095839023590088
1,7815,11,2,5.369143009185791
1,7815,12,1,6.332028865814209
1,7815,13,7,10.18398404121399
1,7815,14,5,24.07929801940918
1,7815,15,1,6.268305063247681
1,7815,16,7,13.114570140838623
1,7815,17,3,8.220163822174072
1,7815,18,6,15.30748701095581
1,7815,19,6,15.21193790435791
1,7815,20,5,8.696073055267334
1,7815,21,4,8.924608945846558
1,7815,22,4,4.887832164764404
1,7815,23,4,9.270197868347168
1,7815,24,5,5.531117916107178
1,7815,25,5,4.95159912109375
1,7815,26,4,2.3074841499328613
1,9087,0,2,5.2189607798418365
1,9087,1,4,8.255429833013295
1,9087,2,5,5.842420264963948
1,9087,3,4,6.613565312369701
1,9087,4,7,6.713502166658145
1,9087,5,5,5.995192237576703
1,9087,6,5,4.025699218513637
1,9087,7,4,6.6382166534017415
1,9087,8,3,6.337944056313063
1,9087,9,3,3.6025568582917913
1,9087,10,5,5.119761194400326
1,9087,11,6,3.6403015479231726
1,9087,12,6,8.724229800741796
1,9087,13,6,3.453263330028676
1,9087,14,6,5.289264453308533
1,9087,15,7,5.027099594905394
1,9087,16,2,4.615626624217839
1,9087,17,4,3.2687164974768166
1,9087,18,4,5.255386391245338
1,9087,19,5,6.546424199546891
1,9087,20,6,5.442254255353873
1,9087,21,6,2.334265469536149
1,9087,22,7,2.6060601265089645
1,9087,23,7,4.379292550822356
1,9087,24,3,3.689827955086912
1,9087,25,6,3.6677188883259078
1,9506,0,6,9.667647123336792
1,9506,1,6,9.99717116355896
1,9506,2,3,10.187319993972778
1,9506,3,6,7.218679904937744
1,9506,4,2,6.521869897842407
1,9506,5,4,6.573235988616943
1,9506,6,5,5.031314134597778
1,9506,7,2,7.847902774810791
1,9506,8,4,6.5574400424957275
1,9506,9,2,7.272382974624634
1,9506,10,6,6.0463550090789795
1,9506,11,1,4.869816064834595
1,9506,12,3,4.684001922607422
1,9506,13,5,5.474576950073242
1,9506,14,6,7.92800498008728
1,9506,15,3,6.563029050827026
1,9506,16,2,4.740316152572632
1,9506,17,2,8.999857187271118
1,9506,18,4,5.3117289543151855
1,9506,19,1,10.787779808044434
1,9506,20,6,8.84257698059082
1,9506,21,5,3.711743116378784
1,9506,22,6,4.437679052352905
1,9506,23,7,4.886565923690796
1,9506,24,7,4.261070013046265
1,9506,25,7,3.580777883529663
1,9506,26,7,1.8316609859466553
2,145,0,4,9.54333391194632
2,145,1,5,7.893912711566372
2,145,2,2,6.359070878223065
2,145,3,6,6.316136395877038
2,145,4,4,6.3633148177177645
2,145,5,5,5.513148979774996
2,145,6,5,9.368980091981939
2,145,7,2,3.511599790204855
2,145,8,5,4.912064827050926
2,145,9,4,7.488709581084549
2,145,10,6,4.570420464980998
2,145,11,2,5.9362368505535414
2,145,12,2,8.623465742379267
2,145,13,6,2.6112943385523977
2,145,14,6,2.791899978348738
2,145,15,5,5.14115870047317
2,145,16,6,9.372292184620164
2,145,17,4,7.6901028251231764
2,145,18,3,6.364037150686272
2,145,19,3,7.769183819740647
2,145,20,5,7.88699968642868
2,145,21,3,28.72780785942996
2,145,22,3,3.095354951061381
2,145,23,5,3.072637392582692
2,145,24,6,3.562535929999285
2,145,25,4,4.169126705040981
2,145,26,7,7.182974686616944
2,206,0,5,5.821460962295532
2,206,1,7,8.4599289894104
2,206,2,5,7.449488162994385
2,206,3,7,8.191426038742065
2,206,4,5,5.503612995147705
2,206,5,6,14.940896987915039
2,206,6,3,4.71618914604187
2,206,7,4,8.60230803489685
2,206,8,5,6.857358932495117
2,206,9,5,5.0799219608306885
2,206,10,6,6.6947340965271
2,206,11,5,9.140431880950928
2,206,12,2,15.526499032974243
2,206,13,7,2.918036937713623
2,206,14,7,3.3008289337158203
2,206,15,2,3.083376169204712
2,206,16,6,3.026892900466919
2,206,17,3,3.9813201427459717
2,206,18,4,6.624204158782959
2,206,19,6,4.744657039642334
2,206,20,7,3.1652629375457764
2,206,21,6,4.049500942230225
2,206,22,6,2.0098659992218018
2,206,23,7,2.0214779376983643
2,206,24,5,4.21668004989624
2,206,25,5,2.4262850284576416
2,206,26,7,1.8286149501800537
2,227,0,5,9.472434997558594
2,227,1,6,8.852028131484985
2,227,2,4,5.878520965576172
2,227,3,4,3.5965099334716797
2,227,4,4,6.518347978591919
2,227,5,3,6.029912948608398
2,227,6,3,2.2473080158233643
2,227,7,4,4.523195028305054
2,227,8,5,4.195657968521118
2,227,9,2,3.9440441131591797
2,227,10,6,6.269516944885254
2,227,11,3,2.150886058807373
2,227,12,5,7.077236175537109
2,227,13,5,14.584256887435913
2,227,14,5,2.2264111042022705
2,227,15,4,5.782265901565552
2,227,16,5,2.9686849117279053
2,227,17,2,3.537363052368164
2,227,18,5,3.493557929992676
2,227,19,6,2.8352389335632324
2,227,20,6,3.9374470710754395
2,227,21,5,2.719106912612915
2,227,22,4,5.289361000061035
2,227,23,6,1.7898800373077393
2,227,24,6,0.9695858955383301
2,227,25,5,2.5155720710754395
2,227,26,6,2.2370598316192627
2,243,0,4,6.21318994930607
2,243,1,5,7.656352423828366
2,243,2,3,10.882776278361234
2,243,3,4,8.314522345659725
2,243,4,3,9.025691349175986
2,243,5,3,4.157511516264549
2,243,6,3,5.060020830066833
2,243,7,3,6.567215229093335
2,243,8,3,9.996267013087845
2,243,9,4,7.136264754630702
2,243,10,5,4.9040183737615735
2,243,11,2,5.960687914828213
2,243,12,2,5.951078273269559
2,243,13,5,7.477585280086032
2,243,14,6,6.02352575014379
2,243,15,1,3.8032851218074484
2,243,16,5,5.471847679202028
2,243,17,2,3.6337020591154214
2,243,18,4,6.621603915156584
2,243,19,5,5.256920024488409
2,243,20,6,14.99535243129435
2,243,21,3,5.392291195377084
2,243,22,4,4.8374811484161455
2,243,23,5,2.84074844521092
2,243,24,6,2.2200213153550976
2,243,25,6,3.2879528113123797
2,243,26,4,3.6651823377458186
2,284,0,5,10.688915014266968
2,284,1,6,6.825639009475708
2,284,2,5,10.8697829246521
2,284,3,5,4.7344818115234375
2,284,4,5,3.574505090713501
2,284,5,5,5.777338027954102
2,284,6,3,7.019659996032715
2,284,7,4,4.801359176635742
2,284,8,4,6.527493953704834
2,284,9,4,3.7747750282287598
2,284,10,4,5.170104026794434
2,284,11,3,11.450890064239502
2,284,12,3,7.790935039520264
2,284,13,5,5.776269912719727
2,284,14,6,6.346665859222412
2,284,15,3,6.640549898147583
2,284,16,6,3.707559108734131
2,284,17,2,5.849340915679932
2,284,18,5,4.801479816436768
2,284,19,5,5.991575002670288
2,284,20,6,5.786300897598267
2,284,21,5,2.9166479110717773
2,284,22,6,3.2957000732421875
2,284,23,5,2.980731964111328
2,284,24,6,2.2218101024627686
2,284,25,5,2.857357978820801
2,284,26,5,2.286327838897705
2,440,0,5,5.992863893508911
2,440,1,5,1.6570241451263428
2,440,2,2,3.0741450786590576
2,440,3,5,3.0736470222473145
2,440,4,2,2.6813809871673584
2,440,5,5,2.3693861961364746
2,440,6,6,4.1102070808410645
2,440,7,2,3.436229944229126
2,440,8,5,2.6456010341644287
2,440,9,4,1.878798007965088
2,440,10,5,2.926941156387329
2,440,11,3,2.7254440784454346
2,440,12,5,3.259866952896118
2,440,13,5,2.1726889610290527
2,440,14,6,1.5374009609222412
2,440,15,1,2.135906934738159
2,440,16,6,2.957857131958008
2,440,17,2,2.8750739097595215
2,440,18,4,2.115377902984619
2,440,19,4,4.866103887557983
2,440,20,5,2.505403995513916
2,440,21,5,2.4326670169830322
2,440,22,6,1.514866828918457
2,440,23,6,0.9456989765167236
2,440,24,7,1.8317959308624268
2,440,25,5,2.042248010635376
2,440,26,7,1.2442069053649902
2,470,0,2,7.84289813041687
2,470,1,3,7.359702110290527
2,470,2,2,10.329816818237305
2,470,3,6,13.179260015487671
2,470,4,5,5.234078884124756
2,470,5,4,5.410115003585815
2,470,6,7,5.843538999557495
2,470,7,2,5.1075921058654785
2,470,8,4,4.7218639850616455
2,470,9,3,7.176520109176636
2,470,10,5,7.616822957992554
2,470,11,2,3.3287670612335205
2,470,12,2,3.174172878265381
2,470,13,6,3.8424432277679443
2,470,14,5,3.7235069274902344
2,470,15,3,3.961435079574585
2,470,16,6,4.373862028121948
2,470,17,2,3.7215628623962402
2,470,18,3,4.607501029968262
2,470,19,4,7.721575975418091
2,470,20,7,5.493155002593994
2,470,21,2,6.2914650440216064
2,470,22,5,4.409274101257324
2,470,23,5,3.53147292137146
2,470,24,5,3.7928061485290527
2,470,25,6,4.0280539989471436
2,470,26,4,3.9178049564361572
2,605,0,5,8.42939305305481
2,605,1,5,4.2018821239471436
2,605,2,3,4.204155921936035
2,605,3,4,6.41364312171936
2,605,4,4,6.837552070617676
2,605,5,4,12.773021936416626
2,605,6,4,3.636033058166504
2,605,7,4,3.1812729835510254
2,605,8,3,3.8567259311676025
2,605,9,5,6.185603141784668
2,605,10,4,2.1392672061920166
2,605,11,3,3.3932230472564697
2,605,12,3,10.97439694404602
2,605,13,5,2.844654083251953
2,605,14,4,2.109736919403076
2,605,15,3,3.0932509899139404
2,605,16,5,3.701011896133423
2,605,17,5,1.9394490718841553
2,605,18,4,2.617879867553711
2,605,19,4,1.4922029972076416
2,605,20,3,4.324552059173584
2,605,21,3,2.2981698513031006
2,605,22,3,2.7774510383605957
2,605,23,4,2.790163993835449
2,605,24,5,1.514164924621582
2,605,25,4,2.169145107269287
2,605,26,6,2.2460739612579346
2,881,0,4,3.878147840499878
2,881,1,4,2.6533780097961426
2,881,2,4,5.6364991664886475
2,881,3,5,7.732343912124634
2,881,4,5,5.126452207565308
2,881,5,4,4.403547048568726
2,881,6,3,3.557871103286743
2,881,7,3,3.5391008853912354
2,881,8,4,15.759266138076782
2,881,9,4,2.310049057006836
2,881,10,4,3.2453699111938477
2,881,11,4,1.9503438472747803
2,881,12,4,3.1075448989868164
2,881,13,4,1.8744580745697021
2,881,14,4,2.987499952316284
2,881,15,4,1.8470909595489502
2,881,16,4,2.3925039768218994
2,881,17,4,2.5805859565734863
2,881,18,2,3.696525812149048
2,881,19,2,2.3025100231170654
2,881,20,3,5.813539981842041
2,881,21,3,2.3025331497192383
2,881,22,4,4.189800977706909
2,881,23,4,3.0167579650878906
2,881,24,4,1.938601016998291
2,881,25,3,2.329409122467041
2,881,26,6,2.1037230491638184
2,1123,0,5,3.204552704177331
2,1123,1,7,8.032976246322505
2,1123,2,3,6.372914510080591
2,1123,3,5,5.010732468974311
2,1123,4,3,5.711781326739583
2,1123,5,5,5.560953957261518
2,1123,6,6,4.456791169242933
2,1123,7,3,2.548683668312151
2,1123,8,3,5.68402237346163
2,1123,9,3,3.5657644541352056
2,1123,10,5,2.8451341465697624
2,1123,11,2,3.6168820731691085
2,1123,12,2,3.5174373143236153
2,1123,13,6,4.510642173292581
2,1123,14,6,3.5046578319743276
2,1123,15,3,4.53051281766966
2,1123,16,5,4.306930367427412
2,1123,17,2,3.0761531167081557
2,1123,18,5,3.623385847604368
2,1123,19,3,4.379916927951854
2,1123,20,6,6.986381481168792
2,1123,21,3,2.9202784955850802
2,1123,22,4,3.8248017837759107
2,1123,23,5,8.46124234504532
2,1123,24,6,4.048445051827002
2,1123,25,6,2.0838263914338313
2,1123,26,6,2.213631303049624
2,1125,0,4,11.873616933822632
2,1125,1,4,7.106709003448486
2,1125,2,2,7.071474075317383
2,1125,3,5,8.228697061538696
2,1125,4,4,9.987800121307373
2,1125,5,4,8.275352001190186
2,1125,6,3,19.440594911575317
2,1125,7,1,4.625427961349487
2,1125,8,6,6.106745004653931
2,1125,9,4,13.912137031555176
2,1125,10,6,4.1771180629730225
2,1125,11,2,5.100695848464966
2,1125,12,2,7.858882904052734
2,1125,13,6,3.457181930541992
2,1125,14,7,3.337991952896118
2,1125,15,3,6.351056098937988
2,1125,16,4,6.8580498695373535
2,1125,17,4,5.216957092285156
2,1125,18,6,3.6981101036071777
2,1125,19,6,5.78478217124939
2,1125,20,5,7.0666420459747314
2,1125,21,4,3.7928521633148193
2,1125,22,4,5.180478096008301
2,1125,23,6,3.894395112991333
2,1125,24,7,2.229717969894409
2,1125,25,6,6.207766056060791
2,1125,26,6,3.000991106033325
2,1401,0,7,6.909667015075684
2,1401,1,6,13.129332065582275
2,1401,2,2,11.73839807510376
2,1401,3,6,31.09784698486328
2,1401,4,2,8.457901954650879
2,1401,5,5,6.737884998321533
2,1401,6,7,4.133437871932983
2,1401,7,2,5.058454990386963
2,1401,8,7,7.560451030731201
2,1401,9,2,8.660692930221558
2,1401,10,6,3.635438919067383
2,1401,11,1,5.364703178405762
2,1401,12,3,8.525727987289429
2,1401,13,6,4.585047006607056
2,1401,14,6,3.9718730449676514
2,1401,15,2,11.095367193222046
2,1401,16,6,9.803001880645752
2,1401,17,2,3.9221489429473877
2,1401,18,4,7.3918681144714355
2,1401,19,4,13.176200151443481
2,1401,20,7,8.607043981552124
2,1401,21,4,4.294845104217529
2,1401,22,4,3.3746612071990967
2,1401,23,5,7.162152051925659
2,1401,24,7,2.996588945388794
2,1401,25,7,5.5996668338775635
2,1401,26,4,5.361195087432861
2,1714,0,4,4.328484058380127
2,1714,1,6,4.141350984573364
2,1714,2,2,5.536310911178589
2,1714,3,6,5.748318910598755
2,1714,4,3,4.718791961669922
2,1714,5,6,7.964103937149048
2,1714,6,6,3.509934902191162
2,1714,7,2,4.956415176391602
2,1714,8,6,5.704335927963257
2,1714,9,3,4.063590049743652
2,1714,10,5,3.158370018005371
2,1714,11,2,3.507106065750122
2,1714,12,2,5.017838001251221
2,1714,13,6,5.347085952758789
2,1714,14,5,6.350533962249756
2,1714,15,3,8.065716028213501
2,1714,16,3,5.783200979232788
2,1714,17,2,8.561322927474976
2,1714,18,5,4.05143404006958
2,1714,19,3,7.547522068023682
2,1714,20,6,3.6545867919921875
2,1714,21,3,3.9428229331970215
2,1714,22,4,2.1643500328063965
2,1714,23,6,2.992844820022583
2,1714,24,6,1.7885470390319824
2,1714,25,3,1.8728151321411133
2,1714,26,6,1.4659569263458252
2,1821,0,7,6.345892906188965
2,1821,1,7,5.525428056716919
2,1821,2,6,8.384264945983887
2,1821,3,6,13.176213026046753
2,1821,4,1,5.246612071990967
2,1821,5,7,4.582149982452393
2,1821,6,5,13.392990112304688
2,1821,7,5,13.334800004959106
2,1821,8,4,6.694710969924927
2,1821,9,2,8.300618171691895
2,1821,10,6,9.960659980773926
2,1821,11,4,5.897695064544678
2,1821,12,2,6.399145841598511
2,1821,13,7,3.456170082092285
2,1821,14,6,22.60856580734253
2,1821,15,4,5.065104961395264
2,1821,16,5,3.9683451652526855
2,1821,17,2,4.972013235092163
2,1821,18,5,11.335238933563232
2,1821,19,7,4.544342041015625
2,1821,20,5,17.03706121444702
2,1821,21,3,5.551354885101318
2,1821,22,4,5.330579996109009
2,1821,23,6,4.631039142608643
2,1821,24,6,10.079546928405762
2,1821,25,5,3.668142795562744
2,1821,26,6,3.635999917984009
2,2081,0,6,5.020831937028561
2,2081,1,7,7.385521778953262
2,2081,2,5,3.9512458947720006
2,2081,3,6,5.621708084829152
2,2081,4,1,4.24227583699394
2,2081,5,4,5.350118098082021
2,2081,6,4,6.061937901366036
2,2081,7,3,4.145898650342133
2,2081,8,4,7.5936909664887935
2,2081,9,3,7.991319198801648
2,2081,10,6,3.6778583716368303
2,2081,11,1,3.0724221346899867
2,2081,12,3,4.482946209842339
2,2081,13,5,4.709469942376018
2,2081,14,7,3.6393610538216308
2,2081,15,4,3.4199098655954003
2,2081,16,4,5.672403392905835
2,2081,17,3,3.7069512812886387
2,2081,18,5,4.484950092213694
2,2081,19,6,3.1587144371587783
2,2081,20,6,3.925915927567985
2,2081,21,6,4.3424535117228515
2,2081,22,4,5.5504070444148965
2,2081,23,3,2.902177461190149
2,2081,24,7,1.9514420009800233
2,2081,25,5,2.7266978078405373
2,2081,26,4,2.919276554370299
2,3119,0,4,5.731530480592028
2,3119,1,4,7.3939731741859305
2,3119,2,5,5.9031783620341685
2,3119,3,3,9.014283147891774
2,3119,4,3,3.9534918120371003
2,3119,5,3,7.264099184119914
2,3119,6,3,7.081990681657317
2,3119,7,4,5.547665631554537
2,3119,8,5,4.4822701852704085
2,3119,9,5,23.98699164988784
2,3119,10,5,9.992721240641458
2,3119,11,5,8.301875567231491
2,3119,12,3,7.2543683521648745
2,3119,13,5,5.984933402081879
2,3119,14,2,6.086180436146606
2,3119,15,5,3.255368312502924
2,3119,16,3,6.097819265218277
2,3119,17,4,4.7224123168234655
2,3119,18,5,3.3471010249240862
2,3119,19,4,5.552814284081251
2,3119,20,5,4.887501895631431
2,3119,21,2,2.5127603431501484
2,3119,22,4,2.649364817541027
2,3119,23,4,6.115758357694631
2,3119,24,5,3.6038099282109215
2,3119,25,5,4.272422699053095
2,3119,26,3,3.266168630735592
2,3120,0,5,8.023036003112793
2,3120,1,6,9.61507511138916
2,3120,2,4,4.661712169647217
2,3120,3,4,6.040647983551025
2,3120,4,6,5.777904033660889
2,3120,5,6,5.516382932662964
2,3120,6,4,5.352567911148071
2,3120,7,3,3.939347982406616
2,3120,8,5,6.62480902671814
2,3120,9,5,9.316190958023071
2,3120,10,6,4.237777948379517
2,3120,11,3,6.208583831787109
2,3120,12,3,13.115143060684204
2,3120,13,5,5.091489791870117
2,3120,14,6,2.9991860389709473
2,3120,15,5,4.159977912902832
2,3120,16,6,7.573578119277954
2,3120,17,4,4.758599042892456
2,3120,18,4,7.767125129699707
2,3120,19,4,8.321491003036499
2,3120,20,5,4.399327993392944
2,3120,21,2,2.924064874649048
2,3120,22,6,5.3983941078186035
2,3120,23,6,2.638840913772583
2,3120,24,6,3.9716289043426514
2,3120,25,5,2.559937000274658
2,3120,26,5,2.6717171669006348
2,3161,0,6,6.96704237133963
2,3161,1,4,4.4295758521184325
2,3161,2,3,4.106119195348583
2,3161,3,5,4.090769232658204
2,3161,4,4,2.492575891839806
2,3161,5,4,4.486456262122374
2,3161,6,1,2.537046380341053
2,3161,7,2,1.6896545304334722
2,3161,8,2,4.411534394253977
2,3161,9,2,1.536815210885834
2,3161,10,6,3.801366164989304
2,3161,11,2,2.302631546277553
2,3161,12,2,5.2558142998605035
2,3161,13,7,2.746521597786341
2,3161,14,7,3.8189465250470676
2,3161,15,2,2.5362160320510156
2,3161,16,5,3.4401159384287894
2,3161,17,2,2.044053762918338
2,3161,18,4,2.4966618508915417
2,3161,19,4,2.714561255881563
2,3161,20,5,2.667156621813774
2,3161,21,5,2.093732545909006
2,3161,22,5,1.135711989540141
2,3161,23,5,0.4403387299971655
2,3161,24,5,0.43631824309704825
2,3161,25,5,0.4003206584020518
2,3161,26,5,0.4296357390121557
2,3363,0,3,5.654378890991211
2,3363,1,3,3.8124771118164062
2,3363,2,2,3.8702709674835205
2,3363,3,3,3.3815910816192627
2,3363,4,4,2.7825889587402344
2,3363,5,5,3.309947967529297
2,3363,6,3,3.3384299278259277
2,3363,7,2,2.5418479442596436
2,3363,8,3,2.1976020336151123
2,3363,9,4,5.2187581062316895
2,3363,10,4,5.0577569007873535
2,3363,11,1,2.9420089721679688
2,3363,12,2,6.967859983444214
2,3363,13,5,3.654926061630249
2,3363,14,5,3.030611038208008
2,3363,15,1,2.037590980529785
2,3363,16,2,2.1122138500213623
2,3363,17,3,3.256150007247925
2,3363,18,2,2.2147350311279297
2,3363,19,1,2.1945738792419434
2,3363,20,3,3.3595900535583496
2,3363,21,2,4.378422021865845
2,3363,22,1,4.8235790729522705
2,3363,23,6,3.557278871536255
2,3363,24,6,1.4966909885406494
2,3363,25,6,1.911221981048584
2,3363,26,7,1.862393856048584
2,3668,0,6,6.711213111877441
2,3668,1,6,9.611579179763794
2,3668,2,7,4.152958154678345
2,3668,3,5,6.932775020599365
2,3668,4,2,3.999545097351074
2,3668,5,5,6.553894996643066
2,3668,6,1,4.317008972167969
2,3668,7,7,2.04302716255188
2,3668,8,4,3.1567540168762207
2,3668,9,4,2.8416059017181396
2,3668,10,6,2.995429039001465
2,3668,11,2,2.6144659519195557
2,3668,12,2,3.096860885620117
2,3668,13,6,2.6321840286254883
2,3668,14,7,2.4736979007720947
2,3668,15,1,2.690516948699951
2,3668,16,4,3.3139541149139404
2,3668,17,3,3.2401130199432373
2,3668,18,5,3.009644031524658
2,3668,19,7,3.684669017791748
2,3668,20,3,3.828173875808716
2,3668,21,3,2.053683042526245
2,3668,22,6,1.487550973892212
2,3668,23,2,2.0957868099212646
2,3668,24,7,1.3911750316619873
2,3668,25,4,1.1476669311523438
2,3668,26,3,1.4015169143676758
2,3792,0,5,3.17655086517334
2,3792,1,5,5.025128126144409
2,3792,2,3,4.143404006958008
2,3792,3,6,5.229245901107788
2,3792,4,4,4.651561975479126
2,3792,5,6,3.431011915206909
2,3792,6,6,4.1514058113098145
2,3792,7,3,2.8377280235290527
2,3792,8,6,2.4593000411987305
2,3792,9,4,2.950796127319336
2,3792,10,5,4.265250205993652
2,3792,11,5,3.3153228759765625
2,3792,12,3,3.4479000568389893
2,3792,13,5,6.343592882156372
2,3792,14,3,8.525312185287476
2,3792,15,5,4.987943172454834
2,3792,16,5,7.723359107971191
2,3792,17,3,4.831120014190674
2,3792,18,3,4.764583110809326
2,3792,19,5,4.635872840881348
2,3792,20,5,3.448132038116455
2,3792,21,5,2.703619956970215
2,3792,22,5,4.042833089828491
2,3792,23,4,5.116455793380737
2,3792,24,6,2.4553091526031494
2,3792,25,6,1.5552799701690674
2,3792,26,6,2.0320451259613037
2,3804,0,5,5.870929002761841
2,3804,1,7,18.44421696662903
2,3804,2,2,3.669961929321289
2,3804,3,7,6.117401123046875
2,3804,4,3,7.537139892578125
2,3804,5,6,6.188283920288086
2,3804,6,7,3.286316156387329
2,3804,7,2,6.541922092437744
2,3804,8,6,10.137284994125366
2,3804,9,2,17.6425940990448
2,3804,10,6,3.7010738849639893
2,3804,11,1,16.92279601097107
2,3804,12,6,12.289645910263062
2,3804,13,7,3.2864949703216553
2,3804,14,7,2.6279871463775635
2,3804,15,2,3.8717589378356934
2,3804,16,6,4.095613956451416
2,3804,17,2,9.038389921188354
2,3804,18,6,2.829681873321533
2,3804,19,2,4.917572021484375
2,3804,20,6,7.034895896911621
2,3804,21,4,6.626438140869141
2,3804,22,6,3.012423038482666
2,3804,23,5,3.7257490158081055
2,3804,24,7,2.3714399337768555
2,3804,25,7,1.9360871315002441
2,3804,26,6,2.7742700576782227
2,4313,0,4,5.848582983016968
2,4313,1,2,4.831657886505127
2,4313,2,3,6.164806127548218
2,4313,3,2,10.361054182052612
2,4313,4,3,6.452043056488037
2,4313,5,3,8.014437913894653
2,4313,6,5,3.823348045349121
2,4313,7,4,4.473839998245239
2,4313,8,7,3.875804901123047
2,4313,9,2,5.4999330043792725
2,4313,10,5,5.209374904632568
2,4313,11,2,4.864938020706177
2,4313,12,2,8.413109064102173
2,4313,13,5,6.272183895111084
2,4313,14,3,5.312917947769165
2,4313,15,1,5.228362083435059
2,4313,16,4,5.61936616897583
2,4313,17,4,4.771678924560547
2,4313,18,3,7.3319878578186035
2,4313,19,3,3.789548873901367
2,4313,20,6,8.137057065963745
2,4313,21,5,2.268825054168701
2,4313,22,5,2.22348690032959
2,4313,23,7,2.900200128555298
2,4313,24,6,5.976123094558716
2,4313,25,7,2.3156211376190186
2,4313,26,7,2.1724140644073486
2,5314,0,3,6.689313173294067
2,5314,1,6,6.47647500038147
2,5314,2,3,7.138768911361694
2,5314,3,6,5.429569959640503
2,5314,4,5,9.069252967834473
2,5314,5,4,6.186197996139526
2,5314,6,5,5.340047836303711
2,5314,7,5,3.1050500869750977
2,5314,8,5,3.7839348316192627
2,5314,9,3,5.955115079879761
2,5314,10,4,6.630434036254883
2,5314,11,3,5.5985400676727295
2,5314,12,2,6.551614999771118
2,5314,13,4,7.482764005661011
2,5314,14,4,3.9760289192199707
2,5314,15,4,9.09949517250061
2,5314,16,4,23.854376077651978
2,5314,17,5,3.8775718212127686
2,5314,18,5,4.317340850830078
2,5314,19,5,4.426898956298828
2,5314,20,4,5.15645694732666
2,5314,21,3,9.848134994506836
2,5314,22,3,2.014202117919922
2,5314,23,4,1.8889570236206055
2,5314,24,5,4.2491350173950195
2,5314,25,4,5.658302068710327
2,5314,26,5,3.9608469009399414
2,5810,0,4,9.861942052841187
2,5810,1,5,7.048715114593506
2,5810,2,2,5.327591180801392
2,5810,3,6,13.835515022277832
2,5810,4,3,11.247032165527344
2,5810,5,5,8.571830034255981
2,5810,6,7,6.589318037033081
2,5810,7,2,5.694842100143433
2,5810,8,5,6.429018974304199
2,5810,9,3,8.229353904724121
2,5810,10,6,9.892676830291748
2,5810,11,2,3.8888959884643555
2,5810,12,5,4.480075120925903
2,5810,13,5,5.494592905044556
2,5810,14,5,4.3010571002960205
2,5810,15,2,3.5553090572357178
2,5810,16,5,10.143630027770996
2,5810,17,6,5.321552991867065
2,5810,18,4,6.414658069610596
2,5810,19,2,11.18470311164856
2,5810,20,6,10.42209506034851
2,5810,21,5,6.964303970336914
2,5810,22,4,3.430763006210327
2,5810,23,6,4.8240320682525635
2,5810,24,7,3.593428134918213
2,5810,25,5,4.276741027832031
2,5810,26,5,4.580141067504883
2,5904,0,6,3.208780743193529
2,5904,1,5,4.852636117431302
2,5904,2,2,4.623217282075075
2,5904,3,6,4.665744471964899
2,5904,4,2,4.058972243634798
2,5904,5,6,3.3815207673455916
2,5904,6,5,3.6987740985387063
2,5904,7,4,3.5960572560193214
2,5904,8,4,4.369369541724154
2,5904,9,4,4.935127358992304
2,5904,10,5,3.0870659743286524
2,5904,11,3,3.0643299630996808
2,5904,12,3,3.5302532434689056
2,5904,13,6,3.153484524113537
2,5904,14,7,2.9760437800619
2,5904,15,5,3.222008925488808
2,5904,16,4,4.138029635906605
2,5904,17,2,3.4331348958226044
2,5904,18,5,3.4130352819965992
2,5904,19,4,6.464252784315704
2,5904,20,6,3.3941325459295513
2,5904,21,5,2.8793901849489885
2,5904,22,5,1.74534080919193
2,5904,23,6,2.3526295847650545
2,5904,24,7,3.359207979558505
2,5904,25,6,3.1339611847643027
2,5904,26,6,2.3090795660073127
2,6615,0,3,4.556615114212036
2,6615,1,4,4.615895986557007
2,6615,2,3,5.087347984313965
2,6615,3,5,5.685366868972778
2,6615,4,4,4.586938142776489
2,6615,5,5,4.549750804901123
2,6615,6,6,4.689730882644653
2,6615,7,4,2.920764923095703
2,6615,8,3,2.838179111480713
2,6615,9,5,4.68782901763916
2,6615,10,4,3.2784600257873535
2,6615,11,4,2.070378065109253
2,6615,12,3,5.246866941452026
2,6615,13,4,3.8625919818878174
2,6615,14,4,2.0868232250213623
2,6615,15,4,9.574487924575806
2,6615,16,4,2.767549991607666
2,6615,17,4,1.819612979888916
2,6615,18,5,7.91097617149353
2,6615,19,5,2.9150359630584717
2,6615,20,5,7.209547996520996
2,6615,21,4,2.2825160026550293
2,6615,22,4,1.6262590885162354
2,6615,23,4,2.44514799118042
2,6615,24,5,1.7743260860443115
2,6615,25,4,2.283329963684082
2,6615,26,6,2.2834160327911377
2,6654,0,3,5.120096921920776
2,6654,1,6,12.154482126235962
2,6654,2,4,6.258627891540527
2,6654,3,6,9.15305209159851
2,6654,4,4,7.954010963439941
2,6654,5,5,6.724256992340088
2,6654,6,3,5.7206151485443115
2,6654,7,5,15.485929012298584
2,6654,8,5,7.334863185882568
2,6654,9,3,10.826400995254517
2,6654,10,6,10.943871974945068
2,6654,11,2,5.057743072509766
2,6654,12,5,5.081634998321533
2,6654,13,3,13.12753701210022
2,6654,14,5,4.584475040435791
2,6654,15,5,8.891110897064209
2,6654,16,5,10.135511875152588
2,6654,17,5,7.073549032211304
2,6654,18,4,7.495357990264893
2,6654,19,5,4.691765069961548
2,6654,20,6,5.458637952804565
2,6654,21,6,6.522252082824707
2,6654,22,5,1.9187510013580322
2,6654,23,6,3.1975739002227783
2,6654,24,6,1.504404067993164
2,6654,25,5,1.4401390552520752
2,6654,26,6,6.386651039123535
2,7815,0,6,9.229197025299072
2,7815,1,7,11.963376998901367
2,7815,2,2,6.209691047668457
2,7815,3,6,6.186325788497925
2,7815,4,2,8.106872081756592
2,7815,5,7,11.455564975738525
2,7815,6,6,3.0301990509033203
2,7815,7,3,7.101669073104858
2,7815,8,5,8.674407958984375
2,7815,9,5,5.439507961273193
2,7815,10,5,12.1835458278656
2,7815,11,4,4.591118097305298
2,7815,12,2,4.113311052322388
2,7815,13,7,4.7349019050598145
2,7815,14,5,4.811666011810303
2,7815,15,2,5.973552942276001
2,7815,16,6,7.9681830406188965
2,7815,17,5,1.8661282062530518
2,7815,18,5,9.67466402053833
2,7815,19,7,10.223315954208374
2,7815,20,5,8.933501958847046
2,7815,21,5,4.896208047866821
2,7815,22,5,6.24592399597168
2,7815,23,5,4.085815906524658
2,7815,24,6,2.4690630435943604
2,7815,25,6,1.837467908859253
2,7815,26,6,3.6797890663146973
2,9087,0,2,6.018449068069458
2,9087,1,4,6.536585092544556
2,9087,2,5,5.924259901046753
2,9087,3,3,5.968803882598877
2,9087,4,6,5.859112024307251
2,9087,5,4,4.826495885848999
2,9087,6,4,2.747786045074463
2,9087,7,5,2.96972393989563
2,9087,8,4,4.0378241539001465
2,9087,9,3,5.566781044006348
2,9087,10,2,3.513828992843628
2,9087,11,6,3.495901107788086
2,9087,12,6,3.8948638439178467
2,9087,13,2,2.406141996383667
2,9087,14,5,3.401111125946045
2,9087,15,5,3.4036340713500977
2,9087,16,5,3.006549119949341
2,9087,17,3,4.145478963851929
2,9087,18,4,3.7901110649108887
2,9087,19,5,5.1613688468933105
2,9087,20,4,3.6771931648254395
2,9087,21,6,5.101333856582642
2,9087,22,6,2.7466611862182617
2,9087,23,7,4.239666938781738
2,9087,24,5,2.664996862411499
2,9087,25,3,2.3210930824279785
2,9087,26,6,3.863790988922119
2,9506,0,6,6.063226999200197
2,9506,1,6,6.624513778455366
2,9506,2,6,1.0843244413590583
2,9506,3,6,16.476120082723355
2,9506,4,3,10.82108820301437
2,9506,5,5,10.824805791355175
2,9506,6,3,3.420633898507731
2,9506,7,2,4.361388596471443
2,9506,8,3,5.247769073697782
2,9506,9,1,8.410259461255919
2,9506,10,6,4.86339601018517
2,9506,11,1,3.8173150864931813
2,9506,12,2,3.685194880581548
2,9506,13,4,6.630566816733335
2,9506,14,6,6.601714560889377
2,9506,15,3,3.7741841557090083
2,9506,16,6,4.348026836443751
2,9506,17,4,6.434605535274386
2,9506,18,4,6.16646135238625
2,9506,19,1,5.019634577911347
2,9506,20,7,6.167471591968933
2,9506,21,5,4.405324919180202
2,9506,22,6,2.08191479830748
2,9506,23,7,2.1232104993996472
2,9506,24,7,1.6031316960452386
2,9506,25,7,1.5437725379088079
2,9506,26,7,1.5590973824291723
